First name,Last name,Email address,Phone number,Job title,Company name
Alfred,Odhuno Odhiambo,sewedhunnes@gmail.com,+254 701 928871,Senior Moderator for Aspire Leade,Aspire Institute
Sarah,Connor,sarah.connor@cyberdynelogistics.com,+1 555-0144,Chief Logistics Officer,Cyberdyne Systems
John,Anderton,john.anderton@precrimefreight.org,+1 555-0182,Director of Operations,PreCrime Logistics
Ellen,Ripley,ellen.ripley@weylandyutani.com,+1 555-0193,Executive Director,Weyland-Yutani Corp
Arthur,Dent,arthur.dent@magratheaglobal.com,+1 555-0112,Lead Coordinator,Magrathea Global
Dana,Scully,dana.scully@fbi-logistics.gov,+1 555-0177,Senior Forensic Consultant,Federal Investigations
Fox,Mulder,fox.mulder@xfiles-cargo.net,+1 555-0198,Special Project Lead,X-Cargo Research
Bruce,Wayne,bruce.wayne@wayneenterprises.com,+1 555-0101,Managing Director,Wayne Enterprises
Clark,Kent,clark.kent@dailyplanetpress.com,+1 555-0155,Senior Editorial Advisor,Daily Planet Media
Diana,Prince,diana.prince@themysciratrading.org,+1 555-0133,Cultural Affairs Director,Themyscira Cultural
Peter,Parker,peter.parker@dailybuglepress.net,+1 555-0129,Lead Visual Specialist,Daily Bugle Photo
Broken,Record,invalid.email-address,+1 555-0199,Quality Analyst,Bad Domain
Missing,Email,,+1 555-0188,Operations Specialist,No Mailbox
Bruce,Wayne,bruce.wayne@wayneenterprises.com,+1 555-0101,Managing Director,Wayne Enterprises
